"contract_id","offer_id","contract_type","contract_date","expected_close_date","signed_date","contract_status","terms"
1,148,"lease","2025-10-11","2025-12-07","2025-11-17","terminated","Whom serious accept increase.
Majority method nor put example purpose child almost.
Street if training provide drop will anyone. Free baby road so remember. Cause trip himself sea draw.
Else television simply condition. Actually want specific cultural standard wish. Travel head ok event final third else.
Many two soldier program. Section theory degree indeed sometimes."
2,22,"listing","2025-10-25",NULL,NULL,"pending","Head end drop decade budget station bill. Skin pass nation accept notice. New call writer decade word quality.
Investment Democrat word center capital station training. Century few admit else. Well center thus guy state.
Later actually share blue point ground. Magazine draw common agreement. Doctor pay strategy use third."
3,29,"lease","2025-11-29","2026-01-06","2025-11-29","closed","Challenge man soon range. For real lay international size nor try. Our through wide consumer west list.
Improve window everyone resource consumer. Sound life during far laugh. Young American board make hit east understand.
Back machine push common send we information. Dinner then citizen pretty player wonder.
Her manager occur cover. Southern answer return. Court environmental customer."
4,41,"purchase","2025-07-28","2025-08-14",NULL,"terminated","Hand every myself it last room even. Cell partner raise allow thank simple. Follow human be yet five than. Subject lot evening size ask field guy.
Last walk seem manage arrive agree nothing. Even generation imagine others south personal.
Property middle pressure control thought. Watch water wide present involve. Choice deal with argue point although."
5,64,"purchase","2025-01-21","2025-03-14","2025-02-10","terminated","Without environmental report attack practice. Hair analysis so just. Think indicate common war from four thousand.
Treatment rest young whatever analysis plant partner its. Discussion do actually.
Theory back indeed design early today. Eat customer follow someone move.
Country scientist hit everyone sport. Believe few wind indeed benefit foreign citizen."
6,133,"lease","2025-11-28","2025-12-10","2025-11-29","active","Hotel choice pattern return. Enter nearly throughout just. Live yard major participant staff.
Simple probably consumer.
Seat per truth senior instead someone knowledge. Ready important agreement idea huge.
Job care include old ask. At society ten maybe picture company.
Condition charge moment which factor. His main gas business instead."
7,34,"lease","2025-11-25","2026-01-18","2025-11-29","active","Entire black body Congress. Within get maybe. Fact on cultural hospital plan unit heart.
Similar wrong feeling effort. Letter attention memory.
Want upon board operation door western. Care under design week. Various summer bag gun work. Stage old laugh rock station election perhaps."
8,106,"purchase","2025-10-24","2025-11-17","2025-11-27","expired","Just occur bag. Later strategy condition describe theory once appear.
No magazine think industry structure second name. Seek challenge even bag.
Successful us because indeed. View less while. Bit off third personal political allow make.
Very news write issue trade go argue. International this do wish until anyone.
Radio manage include lawyer song knowledge. Push talk upon else decide."
9,82,"listing","2025-11-20","2025-11-24",NULL,"closed","Put ever certain toward entire.
Life pick imagine in by movement leg second. Store suggest church us. Discuss necessary recognize I grow tonight list.
From weight lot note course attorney discover industry. Author his market question television watch.
Chance machine general operation research huge course. Really building sign recently avoid upon air out."
10,116,"lease","2025-11-17","2026-01-31",NULL,"terminated","Memory part participant try difficult. Focus for every hospital up. Individual common court staff quickly across test do. Letter thank wind general usually.
Attorney as Mrs wish activity room lay.
Democrat interview continue as realize. However top strong while large. At three value yard term."
11,123,"listing","2025-07-20",NULL,"2025-10-23","closed","Position standard indicate technology executive officer commercial. Guess former since the. Style rich sport ever spend.
Allow miss on walk authority. Thing second example past.
Work blood chance though east fear. Production pull operation article nothing.
Kind lot road perhaps.
Company meeting cell not stand born opportunity. Though study later raise computer fast."
12,35,"listing","2025-11-12","2025-11-12","2025-11-15","expired","Brother she to successful. Available one quickly carry. Size research area scientist practice wear hour concern.
Feeling product usually course wonder. System learn best be Democrat explain partner. No like floor soldier true fine.
Day training book seat. Back information control there within right."
13,67,"listing","2025-07-20","2025-07-26","2025-10-20","expired","Focus add plant when why international surface. Cost field song stuff subject.
Create commercial media believe. Southern lead performance term son smile deep little.
Bed send outside if today official. What it will just attack community here behind. Ask some community professional hair.
Approach Democrat claim. Your catch available risk. Be great significant song."
14,45,"purchase","2025-06-08","2025-06-21","2025-11-01","active","Increase begin language such act feel give. Campaign imagine call help. Then like blood entire quality wind maybe.
Traditional real money teach. Seat by watch wide manage something win certainly. Other do responsibility nor none opportunity.
Information inside standard city firm. Travel card south at. Onto at career. Look firm probably goal."
15,84,"listing","2024-10-03","2024-10-09","2025-10-29","expired","Should magazine job lose. Miss agreement firm economy wife. Bag age I treatment and.
Reduce many past four dark road that according. Appear price somebody add never around investment full.
Rather which political study radio chair. Woman little against young. Family child continue information win loss ever home. Exist argue too might."
16,73,"lease","2025-06-25",NULL,"2025-09-29","pending","Rise plan many event between. Writer admit forward will else official.
Tend occur benefit never build. Financial summer respond article executive crime. Fact follow opportunity avoid walk international. Policy remain charge.
Manage others church heart few task. Three skin wrong assume. Mission say Mr relate home."
17,51,"listing","2025-11-11",NULL,"2025-11-15","expired","Sort much north process dinner owner effect. Appear trouble cell rule service research fish.
Big contain all design base bar consumer. Character skill old friend. Democrat care word budget tell increase.
International throw hot. Successful sell about.
Nature somebody attention street resource player agreement. Almost sit there technology friend their."
18,158,"listing","2025-08-05","2025-09-12","2025-09-07","active","South television agent. Up really choose agree region. Wide scientist when story.
Year term main spring nice. Camera decade field next. Watch indeed mean compare fish environmental.
Sense while region sea shoulder under. Forget speak contain include themselves several also. Get cause record exist.
Perform allow use must. International require other in."
19,107,"lease","2025-10-13","2025-11-11","2025-11-19","active","Offer exist indeed throw suggest. As example front member hear stop thank professional.
From own nearly successful only others significant article.
Table start hope. Share care reason run area best. Agent life almost dinner summer.
Improve under industry person information. Tv knowledge accept vote bed meet worker."
20,95,"lease","2025-11-25","2025-11-28","2025-11-29","terminated","Present white positive final or. Each maintain make arrive decade. When decade perhaps total voice medical return.
Present trouble discussion work bag as hair green. So practice government any we. Deep dinner whether generation article.
International beyond memory history the computer center. Several would east person already ok. Through choice technology authority."
21,47,"listing","2024-09-04","2024-10-29",NULL,"pending","Beyond behavior something picture nothing into. Minute show create organization beyond different provide. Test her last fine letter return already.
Yet carry including meet hair. Agreement cup child simply your feel. Scene must bad former.
Each local even garden. Economy choice have cause carry available."
22,101,"lease","2025-10-26","2025-12-27","2025-11-25","pending","Newspaper traditional same my last at certain week.
Technology position though you while executive somebody. Art effect woman politics.
Clear step federal why. Choose close plant sing plan.
These develop official. Fight interesting evidence perform fly. Character five road little fast.
Policy serve as explain. Drop general expert treat risk."
23,97,"purchase","2025-11-15","2026-01-31","2025-11-20","closed","Deep part significant bit send someone. Development area mouth debate. Tonight bit strong interview.
Cause watch service off deal quickly. Challenge point over. Despite behind join use center.
Ability area know soon. National produce Mrs away act eight factor ever. Their speak these arm usually."
24,58,"listing","2025-04-10","2025-05-30","2025-11-14","pending","Guy mission model. Level defense happy.
Impact product people arm. Tonight close paper hair decide can own. Individual later throughout card smile main. Career also table expect.
View million claim certainly camera fine. Or difference as method free likely. Day apply goal music treat wrong identify.
Put themselves threat. Kind stage view state new. Data kitchen business."
25,6,"purchase","2025-09-26","2025-11-07","2025-10-31","closed","Usually fall now not building movie. Middle reveal my state TV model. Only cover after out.
Right she assume story week. Whether spring strong discover whole phone.
Catch fly too service court name. Two whose little important product like million. West which economic third.
Themselves may decide identify always relationship. By station modern tend let even where his."
26,135,"listing","2025-11-23","2025-11-28","2025-11-29","expired","Actually protect pull politics generation suffer discussion. Business shoulder clear image young single land hospital. Road science Mrs help home baby together.
Real between later sure either business interesting. West throughout need candidate through assume. Lot family beyond western.
Various sound indicate campaign down deal success. Body material ok alone laugh."
27,59,"listing","2025-07-31",NULL,"2025-09-11","pending","What training position. Table cultural radio.
Drug risk vote day market talk. Phone at politics skill challenge.
Single idea chair trial position. Particular movement produce suddenly coach couple step. Without step appear require over quickly. Idea throw bag beautiful toward teach.
Decide anyone meeting address executive civil. Authority throughout national big step view."
28,23,"listing","2025-09-02","2025-11-02","2025-09-29","expired","Cost trade help build system. Wonder section hope executive.
Control agent of series realize skill effect. Heart would film imagine. Situation able charge seat protect.
State sound consumer development send style Republican. Keep agency necessary star data fear. Government similar many business. May take question building hear service."
29,119,"listing","2025-06-03","2025-07-26","2025-06-25","terminated","Ready any skin rise since hope.
Team order keep agent exist site. Job do order Democrat.
Dog guy find ahead game feel thousand. Make blue free factor.
Education check require single onto discussion. Vote beyond turn other inside only culture. City dark cultural out issue affect executive career.
South girl audience short."
30,143,"listing","2025-11-27","2026-01-29","2025-11-28","closed","Pass couple sense notice sing. Bill much simply hard ten economy lead. Director occur treat skill near.
Red everybody peace western view middle remember. Fund near organization article worker resource role. Threat card product manage. Whether reveal happy little theory speak church though.
Reason increase nature modern sing appear."
31,68,"purchase","2025-11-26","2026-01-09","2025-11-26","terminated","Cover history condition win important sound. Market else threat lawyer.
Ok shake investment employee add ask certain.
Thus ground itself girl. Forward plan watch usually imagine professor. Book study student already. Information fly first view any professional.
Sometimes everything phone other most citizen product.
President guess response dinner people spend experience."
32,44,"lease","2025-11-27","2026-01-18",NULL,"closed","Decision rate successful rock shoulder course physical. Receive back strong expect speak serious enjoy.
Need morning situation edge party which. Note specific natural leave.
Science force note forget past. Country east event push.
Want need past doctor whom. Knowledge miss daughter probably force. Arrive strategy near partner story one most."
33,7,"lease","2025-07-10",NULL,"2025-11-02","pending","Family cell tree and. Until must will board cell. Tough establish instead crime probably.
Occur dream affect effect large American during across. Involve action establish board to say organization. Again forward often suddenly language between mean.
Sea within week coach tend trade happen. Executive yourself across chance card bring station."
34,52,"lease","2025-11-23","2025-11-29","2025-11-29","expired","Current their act develop market experience.
Among music shoulder likely performance. Establish image author difference program.
Hold store table stuff. Rule past car road order. Key nearly ahead research.
Better control cause doctor talk red room. Current seven month instead various life."
35,80,"listing","2025-10-15","2026-01-01","2025-11-27","active","List society before which father art. Once maintain nature determine think commercial magazine. Base actually letter itself game American hard still. Conference watch according.
See so prepare country anyone career against. Civil those let stay energy. Visit yes may first yeah cut lot.
After past cell apply against fish. Quite thought follow assume notice civil paper."
36,55,"lease","2025-11-17","2026-01-02","2025-11-23","closed","Actually scientist common often. Pattern economy defense now mind manage cell. Person budget goal believe local everyone suffer.
Popular you this source suddenly.
Group course into risk. Scene nice break ago decision again tell practice. Reduce leave arm film.
Which forward them eye also music. Friend action sort class true of agree. New admit president newspaper."
37,77,"lease","2024-09-06","2024-10-05",NULL,"pending","Fine smile more gun itself general. Author society spring young likely. The eat number notice real.
Throw wife very but.
Question laugh prevent price choose. Moment wind part listen.
Yet say air play. Article suggest boy senior.
Body agency sound set travel. Listen poor front throw drug hotel professor. Like under room certainly kind free writer."
38,153,"lease","2025-09-26","2025-10-03","2025-11-04","expired","Approach these billion listen five reduce research. Point many act agency upon true.
Despite hit civil her voice. Hot page make present.
Organization question audience difference recent traditional interview. Old source it force away.
Others challenge practice author air although bar. Whether even heart machine else might. Thing time beat."
39,20,"listing","2024-12-08","2025-02-08",NULL,"terminated","Character understand reach reflect left history. Stand owner business mouth half may. Community reflect big minute center develop.
Degree enough quickly man control effect. One operation wear cut effect. Sense once choose develop trip effort.
According born adult have final. Particularly action other PM make then necessary. First sense identify Mr age man finally."
40,12,"lease","2025-06-13","2025-07-18","2025-08-25","terminated","Mission real federal she really less. Strong herself collection however recently his. Land top into consider west.
World management similar loss return wide. Arm people trip air small.
Give be walk visit. Beautiful produce investment wife. Pattern cell protect buy. If election nature sign entire."
41,48,"purchase","2025-09-21","2025-12-06","2025-10-27","pending","Stand computer successful at she. His we discover.
Floor quality lawyer shoulder week until less. Break garden safe once. Should medical field about book stock ground.
Collection again thus institution. Loss her skin pass home young.
Cut might lay daughter animal keep. Still just agent cover always kitchen course happen."
42,142,"listing","2025-09-23",NULL,"2025-10-17","active","West most would. Future value hundred thank argue experience.
Least star between car season affect no. Court between yes. Hot much available before.
Approach he gas use play. Window against southern force throw meeting impact. Weight song beat where cell name specific."
43,144,"lease","2025-11-12","2026-01-03","2025-11-21","terminated","Million peace nice hand mention reveal notice. Reduce let others student gun move space.
School our wrong job central visit. Worry policy fight live wrong. See yourself TV miss by form.
Measure son catch seat. Type buy above chair this hand.
Official worker player sign model receive. Get heavy community window each."
44,16,"lease","2025-11-26","2026-02-04","2025-11-28","expired","Down Congress catch create make two hundred future. Return white bank none run. Budget bed color suddenly center.
Concern hour west major. Believe order development natural campaign late difference evidence. Paper friend house.
Job continue site himself something. Cause charge road wrong score within. Standard opportunity than large capital history."
45,2,"lease","2024-09-23",NULL,"2025-08-24","closed","Person within though. Author at protect real eat. Civil open cut before.
Gas place property together upon. Star read race from drop morning. Night keep girl which significant him. Different card radio detail.
Administration draw dream up fine trial page reflect.
Develop throw night stuff various. Spend interest always party. Company month measure present."
46,92,"lease","2025-09-14","2025-11-13","2025-09-25","active","Line young machine deep support. Much truth key chance simple full. Nature hope organization main area.
Stay federal you bill total. Road member quickly. Board TV painting care theory.
Office sign sea each research card play. Forget image age.
Tree speech commercial late which. Thing perform walk series reflect use. Drug with although create budget spend."
47,129,"purchase","2025-07-19","2025-08-19","2025-11-17","terminated","Guess each several. Student bad successful room dog many.
Some year chance foot open. Tax remain pass think senior investment for off.
Race hear deep season skill ahead. Continue night network operation election.
Low stock particularly black their management issue. Reality green mind case training. Quickly more team.
Court product resource production charge. Always president simple offer."
48,56,"purchase","2024-08-24","2024-10-11","2025-10-26","terminated","Pull phone its contain institution I meet. Series cause they theory talk. Under wind fight find attention leave role.
Order happy seat staff quite. Kid action pattern eight. Practice author usually history business.
Reach politics trial must. Available stock character study money. Sort space feeling on trip hotel.
Writer under campaign. Letter herself radio goal."
49,99,"listing","2025-11-29","2025-12-11","2025-11-29","terminated","Throw perform away suddenly. Space exist their little provide modern.
Firm over manager recognize. Perform send window deal material ok.
Eight skin cost win nature. Maybe born opportunity himself.
It though party sell seek pick. Finally sometimes image allow. Form production kind success.
Behavior second industry institution pretty. Billion rate staff item."
50,154,"listing","2025-07-01","2025-08-14","2025-11-21","pending","Of learn probably away else picture foreign. You pay bad although party tax. Stand base meet billion to try edge.
Support east gun woman determine company.
Only magazine receive arrive size Congress. Issue front well quickly can itself step. Baby wonder election north police particular generation clear."
51,152,"listing","2025-10-23","2025-11-15","2025-11-06","expired","Impact sell thank kitchen unit city soldier. Computer series sing each after nothing send. Traditional hear yes another manage same much. Reveal suddenly which through indeed medical use.
Clear million career left design. Sense fast theory space collection loss page.
Long race like establish leave. Sit evening really foreign arm former account."
52,87,"lease","2025-11-04","2026-01-18","2025-11-07","pending","Pm look student well. Cost very street build environmental Democrat either. Leader worry place society easy himself single.
Method sure game ok pull improve. Behind me sort cell discussion real test.
Imagine research since however exactly firm minute teach. Thousand green here million provide.
Close land yes usually this oil line. Magazine almost sport within often media traditional."
53,155,"lease","2025-11-06","2025-11-22","2025-11-10","closed","Country professional employee building policy officer eight. When popular TV pull quickly brother former. Area computer Congress defense food sister coach.
Notice improve choose. Child well near spend father discuss same organization. Activity per approach floor certainly.
Answer indicate full fill guess create raise. Explain according growth it hundred instead."
54,150,"listing","2025-11-21","2025-12-28","2025-11-27","expired","Feeling indicate price couple laugh during probably. Rise picture relate land president piece.
Play rest research less.
One state hand general heart kitchen. Certainly total treat apply. Provide him red these short.
Company rather seven by arrive wife. Month audience pick fact subject lead art. Response first mission here option.
Road firm least."
55,157,"purchase","2025-11-22","2025-12-16","2025-11-29","active","Until join natural only window. Future other senior itself leader let. Manage need price mean total purpose rich.
Continue skill down already hotel several. Situation organization imagine newspaper. Question because sea thing everything million enjoy.
Eight product office. Character produce develop time. Chair ahead say cold."
56,114,"listing","2025-07-16","2025-08-12","2025-08-08","closed","Father vote door west. Stand garden detail nearly person defense. Seven them already bill investment structure. Truth go bar player quality might throw.
Appear city strategy father media ask heavy. Thought last general last house.
Teacher adult be who market would skill. Remember trouble major hard field."
57,27,"listing","2025-07-07","2025-09-26",NULL,"pending","Apply south body anyone soon you. Attention force explain necessary bill oil. Forget sort remember else gas.
Card evening tend generation dark people physical. Picture old sea produce bed thousand military.
Current low yard somebody. Quality rule purpose high improve project. Here agent talk. I from various human.
Get trial down hair. Bill sure quality purpose rate seek indeed."
58,25,"purchase","2025-07-27","2025-07-30","2025-09-19","expired","Music true toward interesting early. Owner doctor morning sing take instead reduce box.
Rise matter month collection then office specific cup. Read service those. Form industry among especially loss big. Form threat all party form.
Machine around control apply. Voice wait half present board myself. Often traditional arm foot cost paper enjoy."
59,138,"listing","2025-11-24","2025-12-11","2025-11-28","terminated","Former price tree east.
Hundred authority career word throw.
Through state purpose. Way enjoy market pressure discover painting return. Building air score travel. Actually road next information herself month fund.
Point course drug question least. Despite always attorney available service.
Cup work test daughter defense."
60,159,"listing","2025-09-01","2025-10-02","2025-11-18","closed","Each product call. Six about key door under husband.
Candidate then career military ago continue few add. Respond form suggest attorney single notice painting summer. Worker offer so include individual. Nothing group here today great win want.
Ask then also claim or six. Fear result blue nation say.
Behavior drug stock share. Position eye try perform."
61,37,"listing","2024-08-26",NULL,"2025-07-12","expired","Hotel deep memory it itself class. Enter money example discuss. According direction goal information want.
Add save write majority share. Foot leader each key. Magazine side near become we behind.
Discuss material simply. Watch artist finally attorney father big operation night."
62,96,"purchase","2025-10-28","2025-11-27","2025-11-14","pending","Service any expert before. Value threat record remember technology.
Note if music local all thank. Use military address party. Risk nature test.
Evidence smile property guy enter career song. Offer reason town necessary dinner physical. Range wife team central rate.
What four in half. Prevent campaign specific director process surface wish. Left week near lay."
63,141,"listing","2025-11-13","2026-01-17","2025-11-13","active","Blue investment fast apply. Simply certain ground senior. None southern total view artist my.
Modern must page hold voice. Energy record Congress yet company certain.
Interesting per economic news. Listen citizen significant fine. Reach next issue military.
Sometimes process image follow rest. Remain once range news difference news."
64,49,"listing","2025-02-08","2025-04-18",NULL,"active","Strong section body indicate. What rule develop final low hot.
Station way Mrs we require loss pick onto.
Impact scientist everything political TV central gas TV. Rise drive standard experience. Especially bank goal challenge.
Save rate bring despite design value. Article money risk water page she.
Give art economy. Growth field yourself sit."
65,17,"listing","2025-08-19","2025-09-08","2025-09-18","terminated","Manage student another sit. Fine consider executive writer. Onto research side several section when black. Along class fire perform.
Agency city line building color also public eye.
Know alone tonight even.
Color begin soldier spring peace majority. Worker sport return generation present I suffer."
66,112,"lease","2025-09-28","2025-10-25","2025-10-28","active","Picture attack your white who special available. Trip improve go eye will.
Wear begin center use seat. Result experience finally this more until.
Stuff evidence official parent become dream rule. Stock onto break audience message. Claim leg keep.
Executive accept decide ahead senior. Key such possible fact activity one child. Analysis exist newspaper."
67,103,"purchase","2025-07-15","2025-09-01","2025-08-01","active","Simply goal certain direction day. She wrong himself beyond long over nor.
Move beat apply however blue. Wall place spring goal left idea.
Provide method media. Technology its arrive vote.
News son arm consider animal. Bring owner moment case.
Give age why while memory own leg. Pass student detail his will. Own pick instead both party along."
68,149,"lease","2025-09-26","2025-10-07","2025-10-17","expired","Practice we table. Study know animal pattern growth side social many. Wall side let tree mean but table.
Effect weight decision market ability always reflect defense. Free meet must heavy keep may significant seven. Husband talk police it assume.
Account design baby result federal argue. Themselves must because sure audience. Action growth mouth."
69,28,"purchase","2025-11-28","2026-01-10","2025-11-29","active","Wide whole his great project discuss staff. End risk set order. Appear service contain of ok election.
Pass drop of fine.
Meeting religious meeting fact resource evidence work. Many financial doctor power fire great. Citizen choose idea old.
Shake develop scene to picture civil wind itself. High society career raise always lead from.
Dark run police support."
70,111,"lease","2025-05-30","2025-08-20","2025-08-05","pending","Decade suffer painting environment policy human. Grow and work hotel set hear support. Body service which store successful first smile stand.
Imagine subject let claim address article. Reduce peace start mean site listen. Detail stage benefit thus consumer true. Life response society behavior mother.
Manager oil admit change beyond support face. Against sure collection source up lead check."
71,108,"listing","2025-11-18","2026-02-01","2025-11-29","expired","Safe professor star indicate all throw director. Attorney movie good TV audience candidate third. Spend eye follow Mrs.
Speak property community special them against soon. Good range teacher bag.
Lot under Republican nor again who. Policy all technology hundred cell sport true.
Sport four back rate sort population also. Up current none star impact admit final exactly."
72,102,"listing","2025-10-31","2025-12-12",NULL,"terminated","East audience believe rule foot me city. Middle our large across. Well raise range environmental audience part.
Democrat address energy stay. Paper minute different fish and. Window personal player drug.
Research break none raise herself everyone option truth. Improve area public.
Party matter plant house last government subject. Couple player program detail wear chance specific side."
73,54,"lease","2025-10-14","2025-10-27","2025-10-28","pending","Help beat allow nearly. Budget include account floor.
Head task assume another.
Only hot common father situation program imagine poor. Shake admit after factor help authority grow. Machine eight what body.
Once ground machine stage. Boy nothing address follow suddenly. Itself feeling tell.
Participant feeling pretty maybe. Son idea until process term than. Their suddenly just party seven parent."
74,24,"listing","2025-06-24","2025-07-27","2025-07-24","terminated","Left son control worker improve happen son. Personal safe feeling sit. Late work fill.
Officer something soldier perhaps performance once make. Wall race project television card until. Again season certain box ability court yes.
Something activity blood focus usually. Each seven board explain. Enough beyond open."
75,53,"lease","2025-11-06",NULL,NULL,"active","Challenge set quickly cut author study seven. Majority whose raise value me into. Car doctor ago benefit heavy back argue.
Model specific seven ever huge.
Rule far manage. Authority stuff product perform different visit.
State authority speak throughout clear then according wide. Yourself life recently bag successful moment study."
76,19,"lease","2025-11-23","2026-01-05","2025-11-28","terminated","Month fall mouth democratic understand small bring white. Whether pattern hand maybe. First up foot hospital alone.
Recently what sure up. Culture among issue right. Marriage area rock green.
Evidence decision plant offer down sport. Five check only late of capital.
Last total where almost give. Design raise ten truth.
Stuff choose rest wrong. Go effort character recently."
77,4,"listing","2025-11-23","2026-02-13","2025-11-24","expired","Kind bring west movement environment movement final we.
What entire such role night couple. Right themselves fire or it class under.
Near buy check assume real program. Rather spend human outside late represent.
Anyone popular difference sure hot among mention board. Watch majority feel face."
78,38,"listing","2025-10-01","2025-12-25",NULL,"closed","Long ok prevent many majority section eight.
Yard anything entire full near quite. Must expert place fine program expert around. Run section memory fact government.
Next writer fall blood indicate this. Through instead white wait down board hard. Study begin letter much defense consumer.
Here much body include. Agency yeah Democrat for whether push."
79,122,"purchase","2025-11-24","2025-12-23","2025-11-29","closed","Someone hour live while. Force war idea medical. Assume either remember event.
Else include get situation life soon attention. Voice line lawyer court total contain. Agency believe tend.
Itself particular various party property. Sing wonder single act ten create play. Civil five might effect health item. Democrat program might hospital late on audience."
80,31,"lease","2025-09-12","2025-11-21","2025-10-16","active","Meet there even past establish. Save establish laugh win light voice child. Per catch with.
A agency teacher expect heavy. Apply market my west door.
With modern last gas establish guy treatment. Factor close alone will behavior same.
Collection rather pressure for piece vote five.
Practice both south half. Skill early easy blue try."
81,136,"listing","2025-06-19","2025-08-12","2025-10-22","closed","Try throughout policy total describe economy. Nothing require occur general. Conference open site coach listen cost.
Situation throughout action son increase around will. Specific agree east total inside. Season ok relate.
Small join go high election series real. Some whose discuss effect threat high."
82,32,"listing","2025-09-02","2025-11-16",NULL,"expired","Explain TV PM like drop. Cost test special mention local direction. Ask poor billion perform here site discover camera.
Various because where performance exactly bit. Learn significant chance brother. Lose million technology situation conference item.
Talk painting blue modern money go.
Similar able phone. Particular personal house area magazine."
83,131,"listing","2025-07-30","2025-07-30","2025-08-19","expired","Quickly next five read pick. Serious final voice central plant major. Record technology eye.
Large big expect bring hear. Responsibility style information anyone want recently word.
He southern usually. Already glass control north deal.
Box color determine but main industry case. Indeed water town nearly process similar film will. Far can respond detail sport."
84,75,"listing","2025-11-22","2026-02-12",NULL,"closed","Wife car management nearly great author level. Reflect report say later suggest. Test my run administration management plant face.
Worry you likely power difference she democratic. Detail feeling see organization professional special continue capital. Thus clear artist music tree.
Use more become this summer. Risk dinner available model current weight would offer."
85,110,"purchase","2025-11-07","2026-01-21","2025-11-28","terminated","Economic according size. In stuff school agent.
Send price can book training after party. Each trip open blue position. Attorney total special college. Chair whether use as firm again.
Rule with bad start adult partner. Score travel history step available director develop. Development contain develop behind once page."
86,11,"purchase","2025-11-21","2025-12-28","2025-11-26","expired","Purpose traditional kind section current name. Push there do expert.
Those close western.
Issue especially their. West high under institution watch man machine material.
Church both capital player foot. Itself else employee cultural all say. Pay despite night effect actually another.
Whether medical site cut. White hard interesting age soldier.
Interview fine apply see significant establish."
87,115,"listing","2025-10-04","2025-12-16","2025-11-20","expired","Center nation cultural maintain oil event air. Act about yeah. Most tough usually listen anyone voice. Store tough participant fight care prove.
Old store model somebody reason it. On law spend doctor fall than floor.
Table list campaign through current. Firm similar public almost. Order natural fine five build age back."
88,61,"lease","2025-11-29","2026-02-14","2025-11-29","closed","Money them doctor change third card program. Relate skill result guess director concern certainly drug.
This bed top experience hotel where. Minute western cold trial pass stay bag.
Decade need pressure possible. Rest bad might.
Receive low just go culture card. Product option fact fact recently. Environmental likely day operation.
Child drug kind both defense choose energy travel."
89,18,"purchase","2025-11-18","2025-12-26","2025-11-23","closed","Health article benefit husband. Under part catch offer bring. Little service early impact.
Agree glass turn piece development article century grow. Follow operation rich cultural last action. Staff administration player remember whether sure.
Community central gun man east spring less another.
Home southern view. Reflect piece above career."
90,42,"purchase","2025-11-07","2025-12-19",NULL,"active","Take ball house whole. Economy on him cost.
Player central real Mr enjoy occur rich red. Others open recently.
Couple term about weight good air least physical. View most back serious. Customer teacher offer produce gun produce.
Personal choice research color direction. Down character every page across bag. Respond radio which apply."
91,130,"purchase","2025-04-27","2025-06-17","2025-09-15","pending","Billion report help. Cover approach floor land evidence tough collection explain. Film score condition music today.
Front bank citizen house. Assume possible consider keep paper television both its.
Hour affect would only director improve suddenly.
Every arrive woman act. Fine together thought individual professor."
92,91,"purchase","2025-08-24","2025-09-22","2025-09-16","pending","Mean special actually whatever. Sell per stand town assume image.
Training tend community Congress across sister. Style far administration possible far current drug.
Cause drug serious fly senior member. Final threat cell both cultural.
Long tax technology only. Somebody none would unit.
Send home voice town mention smile science. Party medical idea door. Might air meet each."
93,50,"lease","2025-11-28","2026-02-10","2025-11-28","closed","Door life gun design organization really PM now. Yet pressure pressure young stand travel. Quickly school world culture rest.
Office moment face fight design military.
Food entire security professional.
Window above size help send necessary wrong. Specific social ready heavy our huge."
94,124,"listing","2025-10-22","2026-01-05","2025-11-15","closed","Recognize Mrs away fill again. By point never choice great.
Environment almost player window. Officer general professional road. Protect big figure fish.
Board plan however difficult former big make.
Couple remember ground indicate stuff city. Individual carry rest first move education operation.
Answer analysis reach himself. Young into few."
95,33,"listing","2025-06-09","2025-08-02",NULL,"terminated","Huge television off bank live once third. Future sign worry law capital great better.
Minute here television line window take. Treatment live letter prove from PM appear.
Training early defense be continue. They feel image Congress stage. Any of lead choose tend however. Leave accept future remain difference."
96,10,"lease","2024-11-29","2025-02-11","2025-05-26","expired","Its charge including deep skill talk. Article fine likely market just effect role institution. Maintain read moment people budget upon.
Price it admit activity. Way hair movie tell result. Ability indicate style almost.
It east responsibility enter west develop all speak. Pm exactly growth look series child be. Mr early whatever participant."
97,127,"purchase","2024-04-24","2024-07-16",NULL,"terminated","Them keep garden sell history statement now process. Candidate ahead character subject movie. Maybe thought until stuff seek century wish.
Somebody chance against country Mrs suffer. Do company good general. Hot then artist fund.
Lead couple address prevent eye fight. Happen also attorney senior debate will stuff."
98,36,"purchase","2025-10-21","2025-11-09","2025-11-27","terminated","Board others hot building.
Catch inside result base civil. Growth build glass speak.
Against my one now address behavior. Argue her thank old. Actually two bill.
Large do wear. Series east a defense already quality laugh. Structure suggest toward view left specific organization. Couple fire put."
99,83,"listing","2025-11-02","2026-01-13","2025-11-06","pending","Bed responsibility already such. Near himself wind method class.
Whole east information ask them court better. Sport hold only newspaper change ground war. While understand various political plant.
Relationship hope amount method cut. Current expect better understand network money.
Leader around nation it order happen always. Unit appear culture idea field bar.
Law style task ball yard fish each."
100,72,"purchase","2025-06-04",NULL,NULL,"closed","Way yourself participant which out question company. Push chance sit left young your successful something. Wife thank energy whom moment.
Ever skill return budget prepare appear. In front down wonder this then series.
Move image weight benefit whether effort rate.
After feeling prevent after media house course. Public so heart career wife. Politics employee itself."
